t,x,y,z,yaw_deg,quality,lidar_hz,pose_hz,localmap_n,tf_map_ok,tf_rslidar_ok,icp_fail_n
0.959,0.001783,-0.001278,0.001228,-0.012,0.9692,8.973,5.379,1287,1,1,0
1.831,0.002496,0.000336,0.001248,-0.001,0.9683,9.695,6.105,1287,1,1,0
2.729,0.001380,-0.000559,-0.000062,0.002,0.9723,15.540,7.029,1287,1,1,0
3.843,0.002779,0.000897,0.000030,-0.012,0.9756,18.247,6.518,1287,1,1,0
4.936,0.003143,-0.000811,-0.000132,0.023,0.9713,9.950,7.777,1287,1,1,0
5.939,0.002154,-0.000061,0.000312,-0.011,0.9741,10.009,7.870,1287,1,1,0
6.982,0.001028,0.000506,-0.000081,-0.024,0.9688,15.928,6.775,1287,1,1,0
7.931,0.000331,0.001648,0.000023,-0.008,0.9755,9.914,6.904,1287,1,1,0
8.938,0.001224,0.001499,0.000907,-0.020,0.9744,10.009,6.811,1287,1,1,0
9.939,0.001163,0.001280,-0.000232,-0.010,0.9772,9.922,7.044,1287,1,1,0
10.931,0.001704,0.000751,0.000025,-0.015,0.9711,13.823,6.878,1287,1,1,0
11.836,0.000632,0.001229,0.000988,-0.043,0.9832,14.654,6.199,1287,1,1,0
12.966,0.000966,0.001092,-0.000296,-0.045,0.9863,18.611,6.186,1287,1,1,0
13.952,0.001550,0.001226,0.000003,-0.029,0.9742,8.523,6.823,1287,1,1,0
14.841,0.002008,0.000353,0.001576,-0.023,0.9668,19.116,7.627,1287,1,1,0
15.928,0.002170,-0.000010,-0.000609,0.014,0.9759,12.298,7.258,1287,1,1,0
16.645,0.000948,-0.000585,0.001012,-0.021,0.9663,9.992,7.809,1287,1,1,0
17.954,0.000992,0.000027,0.000633,-0.015,0.9622,16.542,4.714,1287,1,1,0
18.923,0.001916,-0.000555,0.000235,0.027,0.9663,9.956,6.283,1287,1,1,0
19.934,0.002201,0.001099,-0.000389,-0.026,0.9712,15.903,5.290,1287,1,1,0
20.963,0.001905,0.000763,0.001379,-0.064,0.9687,10.057,4.156,1287,1,1,0
21.924,0.002233,0.001029,0.000242,-0.043,0.9613,10.079,7.083,1287,1,1,0
22.948,0.002896,-0.000478,-0.001123,0.002,0.9744,13.677,7.939,1287,1,1,0
23.932,0.001831,-0.000674,0.000235,0.020,0.9683,16.073,5.785,1287,1,1,0
24.539,0.001393,0.000284,-0.000428,-0.018,0.9713,15.066,5.342,1287,1,1,0
25.929,0.000385,0.000762,0.000932,-0.035,0.9713,16.982,3.909,1287,1,1,0
26.558,0.001816,0.001709,0.000597,-0.046,0.9667,18.209,5.326,1287,1,1,0
27.951,0.002063,0.000333,0.000178,-0.018,0.9713,15.489,5.487,1287,1,1,0
28.944,0.001066,-0.000139,0.000658,-0.025,0.9685,15.351,6.871,1287,1,1,0
29.966,0.002629,0.002607,-0.000312,-0.034,0.9634,16.058,5.743,1287,1,1,0
30.927,0.001837,0.001845,0.000278,-0.070,0.9745,11.888,5.355,1287,1,1,0
31.945,0.002360,0.001027,0.000419,-0.008,0.9695,8.910,5.038,1287,1,1,0
32.950,0.002028,0.000534,0.000363,-0.039,0.9699,13.180,5.282,1287,1,1,0
33.785,0.001921,0.001268,0.001526,-0.045,0.9687,11.068,5.497,1287,1,1,0
34.638,0.002648,0.001174,-0.000679,-0.033,0.9832,10.104,3.782,1287,1,1,0
35.928,0.001984,0.000125,0.000404,-0.022,0.9786,17.962,5.598,1287,1,1,0
36.781,0.001105,0.001585,0.000286,-0.028,0.9611,10.152,6.304,1287,1,1,0
37.951,-0.000147,0.002173,0.000037,-0.048,0.9707,14.225,6.263,1287,1,1,0
38.938,0.000458,0.000914,0.000222,-0.031,0.9707,12.989,6.283,1287,1,1,0
39.936,0.001444,0.000074,0.000235,-0.042,0.9667,9.596,4.990,1287,1,1,0
40.925,0.000203,0.001247,0.000781,-0.055,0.9726,16.118,5.807,1287,1,1,0
41.860,0.001686,0.001329,0.000453,-0.029,0.9581,16.004,7.195,1287,1,1,0
42.865,-0.000261,0.003548,-0.000592,-0.077,0.9709,9.565,6.547,1287,1,1,0
43.740,0.001062,0.001529,0.000495,-0.039,0.9739,16.971,6.234,1287,1,1,0
44.940,0.002261,0.000898,0.000613,-0.035,0.9711,10.857,5.257,1287,1,1,0
45.925,0.001891,0.000150,-0.000529,-0.039,0.9710,178.403,6.142,1287,1,1,0
46.727,0.001751,0.000135,0.000234,-0.034,0.9740,9.038,6.702,1287,1,1,0
47.975,0.000709,-0.000217,0.000782,-0.018,0.9770,10.065,5.194,1287,1,1,0
48.878,0.001535,-0.000159,-0.000352,-0.039,0.9739,14.440,4.923,1287,1,1,0
49.972,0.000905,-0.000606,0.000428,-0.030,0.9727,14.071,6.241,1287,1,1,0
50.941,0.001316,-0.000523,0.000629,-0.022,0.9592,18.288,6.661,1287,1,1,0
51.840,0.002042,-0.000186,0.000886,-0.055,0.9485,48.888,7.284,1287,1,1,0
52.932,0.001681,0.000094,0.000530,-0.026,0.9575,10.369,5.806,1287,1,1,0
53.859,-0.000017,0.000390,0.001218,-0.037,0.9740,10.043,8.030,1287,1,1,0
54.933,0.001225,0.000880,0.001317,-0.047,0.9634,8.537,5.808,1287,1,1,0
55.925,0.001351,-0.001025,-0.000176,0.003,0.9610,14.117,8.001,1287,1,1,0
56.942,0.000668,-0.001105,0.000687,-0.026,0.9634,14.126,9.027,1287,1,1,0
57.931,0.001121,0.000277,0.000341,0.004,0.9619,9.642,6.338,1287,1,1,0
58.927,0.048952,-0.000564,-0.005408,0.008,0.9782,10.781,5.293,1287,1,1,0
59.938,0.191828,0.007977,0.000318,-0.204,0.9762,16.748,6.490,1287,1,1,0
60.738,0.281535,0.001859,-0.002391,-0.022,0.9538,10.099,5.703,1287,1,1,0
61.933,0.452016,0.012568,-0.000663,-0.132,0.9458,17.352,7.834,1287,1,1,0
62.943,0.603927,0.017465,0.004898,-0.239,0.8201,14.104,7.139,1287,1,1,0
63.935,0.778186,0.021779,0.003915,-0.136,0.9532,15.829,5.288,1287,1,1,0
64.753,0.926500,0.024254,0.009643,-0.553,0.8322,12.452,7.064,1287,1,1,0
66.022,1.138381,0.027643,0.008076,-0.551,0.8637,17.757,6.486,1287,1,1,0
66.943,1.279435,0.024782,0.008026,-0.638,0.8410,6.367,6.328,1287,1,1,0
67.943,1.433350,0.022504,0.005480,-0.331,0.7273,26.213,5.380,1287,1,1,0
68.940,1.590171,0.027497,0.002130,-0.516,0.9723,16.499,6.924,1287,1,1,0
69.937,1.747277,0.033482,0.006614,-0.863,0.9692,18.094,5.010,1648,1,1,0
70.939,1.897960,0.039321,0.007879,-1.230,0.7335,14.897,2.946,1648,1,1,0
72.010,2.070748,0.053503,0.012398,-1.423,0.9170,14.065,4.645,1648,1,1,0
72.623,2.141172,0.061721,0.008042,-1.698,0.8095,10.629,6.413,1648,1,1,0
73.864,2.356282,0.088544,0.020457,-2.833,0.9060,11.080,4.537,1648,1,1,0
74.706,2.481822,0.102172,0.014921,-4.498,0.8550,10.193,4.595,1648,1,1,0
75.969,2.615662,0.114723,0.010925,-24.229,0.7905,9.880,4.181,1648,1,1,0
76.747,2.662782,0.137927,0.011160,-37.226,0.6931,10.115,5.294,1648,1,1,0
78.018,2.760733,0.184857,0.015751,-40.402,0.7266,10.148,4.645,1648,1,1,0
78.952,2.830787,0.238314,0.010205,-38.794,0.8065,10.035,5.859,1648,1,1,0
79.889,2.887873,0.314224,0.009700,-37.771,0.8587,10.046,5.152,1648,1,1,0
80.870,2.931553,0.334301,0.005678,-38.510,0.8587,10.026,4.649,1648,1,1,0
81.701,2.979306,0.336562,0.004183,-40.422,0.8393,9.904,4.161,1648,1,1,0
82.855,3.052739,0.290986,-0.000585,-42.219,0.9478,9.998,3.549,1648,1,1,0
83.839,3.133854,0.262584,0.002123,-43.340,0.9048,10.053,5.935,1685,1,1,0
84.959,3.242080,0.198985,-0.001901,-43.084,0.8415,10.088,7.337,1685,1,1,0
85.961,3.330351,0.148350,-0.002129,-43.159,0.8529,9.889,7.677,1685,1,1,0
86.953,3.396583,0.100773,-0.007058,-52.544,0.8027,10.020,6.617,1685,1,1,0
87.740,3.420223,0.058967,-0.004483,-65.980,0.5346,10.103,4.997,1685,1,1,0
88.765,3.431424,-0.005672,-0.007380,-71.436,0.5433,10.064,2.459,1685,1,1,0
89.432,3.432756,-0.040677,-0.001365,-79.243,0.5087,10.124,2.799,1685,1,1,0
89.432,3.432756,-0.040677,-0.001365,-79.243,0.5087,10.028,5.624,1685,1,1,0
89.432,3.432756,-0.040677,-0.001365,-79.243,0.5087,9.950,0.000,1685,1,1,0
89.432,3.432756,-0.040677,-0.001365,-79.243,0.5087,10.036,0.000,1685,1,1,0
89.432,3.432756,-0.040677,-0.001365,-79.243,0.5087,9.979,0.000,1685,1,1,0
89.432,3.432756,-0.040677,-0.001365,-79.243,0.5087,10.151,0.000,1685,1,1,0
89.432,3.432756,-0.040677,-0.001365,-79.243,0.5087,10.172,0.000,1685,1,1,0
89.432,3.432756,-0.040677,-0.001365,-79.243,0.5087,10.002,0.000,1685,1,1,0
89.432,3.432756,-0.040677,-0.001365,-79.243,0.5087,9.957,0.000,1685,1,1,0
89.432,3.432756,-0.040677,-0.001365,-79.243,0.5087,9.966,0.000,1685,1,1,0
89.432,3.432756,-0.040677,-0.001365,-79.243,0.5087,9.996,0.000,1685,1,1,0
89.432,3.432756,-0.040677,-0.001365,-79.243,0.5087,9.899,0.000,1685,1,1,0
89.432,3.432756,-0.040677,-0.001365,-79.243,0.5087,10.006,0.000,1685,1,1,0
89.432,3.432756,-0.040677,-0.001365,-79.243,0.5087,10.158,0.000,1685,1,1,0
89.432,3.432756,-0.040677,-0.001365,-79.243,0.5087,10.008,0.000,1685,1,1,0
89.432,3.432756,-0.040677,-0.001365,-79.243,0.5087,10.027,0.000,1685,1,1,0
89.432,3.432756,-0.040677,-0.001365,-79.243,0.5087,9.969,0.000,1685,1,1,0
89.432,3.432756,-0.040677,-0.001365,-79.243,0.5087,9.988,0.000,1685,1,1,0
89.432,3.432756,-0.040677,-0.001365,-79.243,0.5087,10.087,0.000,1685,1,1,0
89.432,3.432756,-0.040677,-0.001365,-79.243,0.5087,10.005,0.000,1685,1,1,0
89.432,3.432756,-0.040677,-0.001365,-79.243,0.5087,9.990,0.000,1685,1,1,0
89.432,3.432756,-0.040677,-0.001365,-79.243,0.5087,10.018,0.000,1685,1,1,0
89.432,3.432756,-0.040677,-0.001365,-79.243,0.5087,10.021,0.000,1685,1,1,0
89.432,3.432756,-0.040677,-0.001365,-79.243,0.5087,10.000,0.000,1685,1,1,0
89.432,3.432756,-0.040677,-0.001365,-79.243,0.5087,10.015,0.000,1685,1,1,0
89.432,3.432756,-0.040677,-0.001365,-79.243,0.5087,9.987,0.000,1685,1,1,0
89.432,3.432756,-0.040677,-0.001365,-79.243,0.5087,9.981,0.000,1685,1,1,0
89.432,3.432756,-0.040677,-0.001365,-79.243,0.5087,10.211,0.000,1685,1,1,0
89.432,3.432756,-0.040677,-0.001365,-79.243,0.5087,9.993,0.000,1685,1,1,0
89.432,3.432756,-0.040677,-0.001365,-79.243,0.5087,9.995,0.000,1685,1,1,0
89.432,3.432756,-0.040677,-0.001365,-79.243,0.5087,10.158,0.000,1685,1,1,0
89.432,3.432756,-0.040677,-0.001365,-79.243,0.5087,10.014,0.000,1685,1,1,0
89.432,3.432756,-0.040677,-0.001365,-79.243,0.5087,10.132,0.000,1685,1,1,0
89.432,3.432756,-0.040677,-0.001365,-79.243,0.5087,10.002,0.000,1685,1,1,0
89.432,3.432756,-0.040677,-0.001365,-79.243,0.5087,9.997,0.000,1685,1,1,0
89.432,3.432756,-0.040677,-0.001365,-79.243,0.5087,10.038,0.000,1685,1,1,0
89.432,3.432756,-0.040677,-0.001365,-79.243,0.5087,10.099,0.000,1685,1,1,0
89.432,3.432756,-0.040677,-0.001365,-79.243,0.5087,10.025,0.000,1685,1,1,0
89.432,3.432756,-0.040677,-0.001365,-79.243,0.5087,10.006,0.000,1685,1,1,0
89.432,3.432756,-0.040677,-0.001365,-79.243,0.5087,10.008,0.000,1685,1,1,0
89.432,3.432756,-0.040677,-0.001365,-79.243,0.5087,10.230,0.000,1685,1,1,0
89.432,3.432756,-0.040677,-0.001365,-79.243,0.5087,10.020,0.000,1685,1,1,0
89.432,3.432756,-0.040677,-0.001365,-79.243,0.5087,10.017,0.000,1685,1,1,0
89.432,3.432756,-0.040677,-0.001365,-79.243,0.5087,9.966,0.000,1685,1,1,0
89.432,3.432756,-0.040677,-0.001365,-79.243,0.5087,9.982,0.000,1685,1,1,0
89.432,3.432756,-0.040677,-0.001365,-79.243,0.5087,10.070,0.000,1685,1,1,0
89.432,3.432756,-0.040677,-0.001365,-79.243,0.5087,10.194,0.000,1685,1,1,0
89.432,3.432756,-0.040677,-0.001365,-79.243,0.5087,10.064,0.000,1685,1,1,0
89.432,3.432756,-0.040677,-0.001365,-79.243,0.5087,9.990,0.000,1685,1,1,0
89.432,3.432756,-0.040677,-0.001365,-79.243,0.5087,10.062,0.000,1685,1,1,0
89.432,3.432756,-0.040677,-0.001365,-79.243,0.5087,10.012,0.000,1685,1,1,0
89.432,3.432756,-0.040677,-0.001365,-79.243,0.5087,9.991,0.000,1685,1,1,0
89.432,3.432756,-0.040677,-0.001365,-79.243,0.5087,10.175,0.000,1685,1,1,0
89.432,3.432756,-0.040677,-0.001365,-79.243,0.5087,10.000,0.000,1685,1,1,0
89.432,3.432756,-0.040677,-0.001365,-79.243,0.5087,10.006,0.000,1685,1,1,0
89.432,3.432756,-0.040677,-0.001365,-79.243,0.5087,10.036,0.000,1685,1,1,0
89.432,3.432756,-0.040677,-0.001365,-79.243,0.5087,10.305,0.000,1685,1,1,0
89.432,3.432756,-0.040677,-0.001365,-79.243,0.5087,9.984,0.000,1685,1,1,0
89.432,3.432756,-0.040677,-0.001365,-79.243,0.5087,10.009,0.000,1685,1,1,0
89.432,3.432756,-0.040677,-0.001365,-79.243,0.5087,9.983,0.000,1685,1,1,0
89.432,3.432756,-0.040677,-0.001365,-79.243,0.5087,10.033,0.000,1685,1,1,0
89.432,3.432756,-0.040677,-0.001365,-79.243,0.5087,10.000,0.000,1685,1,1,0
89.432,3.432756,-0.040677,-0.001365,-79.243,0.5087,9.984,0.000,1685,1,1,0
89.432,3.432756,-0.040677,-0.001365,-79.243,0.5087,9.986,0.000,1685,1,1,0
89.432,3.432756,-0.040677,-0.001365,-79.243,0.5087,9.991,0.000,1685,1,1,0
89.432,3.432756,-0.040677,-0.001365,-79.243,0.5087,9.929,0.000,1685,1,1,0
89.432,3.432756,-0.040677,-0.001365,-79.243,0.5087,9.969,0.000,1685,1,1,0
89.432,3.432756,-0.040677,-0.001365,-79.243,0.5087,10.045,0.000,1685,1,1,0
89.432,3.432756,-0.040677,-0.001365,-79.243,0.5087,10.005,0.000,1685,1,1,0
89.432,3.432756,-0.040677,-0.001365,-79.243,0.5087,9.975,0.000,1685,1,1,0
89.432,3.432756,-0.040677,-0.001365,-79.243,0.5087,10.021,0.000,1685,1,1,0
89.432,3.432756,-0.040677,-0.001365,-79.243,0.5087,9.991,0.000,1685,1,1,0
