t,x,y,z,yaw_deg,quality,lidar_hz,pose_hz,localmap_n,raw_n,tf_ok,pose_age_s,icp_fail_n
0.027,0.002297,-0.000228,-0.000375,0.016,,0.000,0.000,,,0,0.002,0
0.440,0.002588,-0.001408,-0.001711,0.009,0.9854,0.000,4.926,1747,,1,0.211,0
0.868,0.003164,-0.002077,-0.001284,0.032,0.9852,0.000,4.791,1747,,1,0.217,0
1.270,0.003692,-0.002353,-0.001409,0.033,0.9844,116.175,3.902,1747,86304,1,0.220,0
1.676,0.003598,-0.001845,-0.001232,0.007,0.9876,18.296,3.724,1747,86400,1,0.040,0
2.076,0.002799,-0.000506,-0.000648,0.013,0.9887,22.997,3.765,1747,82656,1,0.254,0
2.512,0.003281,0.000547,-0.001096,-0.015,0.9899,20.405,3.344,1747,86400,1,0.066,0
2.927,0.003384,0.000336,-0.000372,0.001,0.9889,18.823,3.963,1747,86304,1,0.110,0
3.330,0.002417,0.000095,-0.000447,0.020,0.9821,15.765,4.751,1747,86400,1,0.103,0
3.763,0.002285,-0.000466,-0.002060,0.006,0.9865,17.796,4.946,1747,86400,1,0.324,0
4.163,0.002118,-0.000983,-0.000979,0.016,0.9820,11.089,5.298,1747,86400,1,0.124,0
4.568,0.003152,-0.001422,-0.002739,0.012,0.9867,10.990,5.448,1747,86400,1,0.015,0
4.970,0.001689,-0.000512,-0.000103,0.013,0.9843,12.938,5.457,1747,86400,1,0.095,0
5.398,0.001821,-0.001425,-0.002018,0.013,0.9812,13.964,6.093,1747,86400,1,0.153,0
5.798,0.002208,0.000353,-0.001274,0.007,0.9865,11.754,6.875,1747,86400,1,0.070,0
6.209,0.002719,-0.000710,0.000402,0.021,0.9810,19.973,7.254,1747,86400,1,0.189,0
6.611,0.002863,-0.001448,-0.001014,0.013,0.9812,20.650,6.080,1747,86400,1,0.179,0
7.020,0.002831,-0.001161,-0.000537,0.020,0.9853,15.568,5.690,1747,82656,1,0.195,0
7.449,0.003523,-0.001142,-0.001948,0.020,0.9878,15.860,5.590,1747,86400,1,0.124,0
7.897,0.003523,-0.001142,-0.001948,0.020,0.9878,13.009,5.041,1747,86304,1,0.571,0
8.313,0.003055,-0.001434,-0.001213,0.006,0.9888,12.525,3.504,1747,82656,1,0.168,0
8.729,0.003957,-0.002631,-0.000973,0.029,0.9899,14.727,3.283,1747,86400,1,0.077,0
9.150,0.003181,-0.002102,-0.001409,0.014,0.9821,18.278,4.103,1747,86400,1,0.215,0
9.550,0.002513,-0.000463,-0.000856,0.015,0.9787,13.863,6.445,1747,86400,1,0.009,0
9.971,0.002592,-0.001759,-0.000726,0.021,0.9920,12.570,6.119,1747,86304,1,0.029,0
10.375,0.002715,-0.001966,-0.001264,0.032,0.9831,18.366,6.925,1747,86400,1,0.195,0
10.790,0.003736,-0.001828,-0.001655,0.030,0.9854,14.385,6.445,1747,86400,1,0.064,0
11.196,0.002755,-0.001028,-0.000247,0.007,0.9911,14.491,5.737,1747,86400,1,0.040,0
11.602,0.003167,-0.001329,-0.000820,0.025,0.9853,21.190,6.075,1747,86400,1,0.079,0
12.004,0.002369,-0.000340,-0.000977,0.007,0.9775,21.727,5.891,1747,82656,1,0.279,0
12.412,0.002557,-0.000924,-0.001142,-0.002,0.9832,17.898,5.349,1747,86400,1,0.178,0
12.818,0.002172,-0.000775,-0.000147,0.020,0.9845,18.500,5.290,1747,86400,1,0.089,0
13.221,0.001799,-0.001044,-0.001121,0.009,0.9839,17.367,5.545,1747,86400,1,0.164,0
13.626,0.002490,-0.001459,-0.001731,0.008,0.9897,15.077,5.289,1747,86400,1,0.101,0
14.029,0.001761,-0.001148,-0.000687,0.011,0.9530,12.643,7.245,1747,82656,1,0.001,0
14.429,0.001713,0.000152,-0.001498,-0.010,0.9843,17.369,7.018,1747,86400,1,0.093,0
14.830,0.002724,-0.000073,-0.000411,0.004,0.9910,17.115,7.782,1747,86400,1,0.102,0
15.236,0.001684,-0.000525,-0.001634,0.012,0.9920,15.018,7.987,1747,86400,1,0.283,0
15.662,0.002160,-0.001247,-0.000455,0.010,0.9830,13.967,7.353,1747,86304,1,0.307,0
16.064,0.002160,-0.001247,-0.000455,0.010,0.9830,18.716,7.849,1747,86304,1,0.709,0
16.474,0.001337,-0.000777,-0.001367,0.019,0.9874,13.162,4.172,1747,86400,1,0.029,0
16.874,0.003433,-0.001310,-0.000439,0.015,0.9886,12.380,3.740,1747,86400,1,0.049,0
17.293,0.003314,-0.001546,-0.001950,0.017,0.9754,17.792,3.209,1747,86400,1,0.067,0
17.701,0.002764,-0.001523,-0.001194,0.001,0.9830,16.520,5.388,1747,86400,1,0.078,0
18.102,0.003435,-0.001522,-0.000543,0.011,0.9874,19.936,6.324,1747,86400,1,0.066,0
18.512,0.003763,-0.000643,-0.001131,0.004,0.9886,22.061,6.364,1747,86400,1,0.086,0
18.914,0.003527,-0.000272,-0.000306,0.007,0.9875,19.162,8.087,1747,86400,1,0.081,0
19.317,0.003086,-0.002366,-0.001293,0.038,0.9886,14.376,7.242,1747,86400,1,0.063,0
19.718,0.002237,-0.001007,-0.001229,0.011,0.9899,20.871,7.636,1747,86400,1,0.279,0
20.164,0.003140,-0.000700,0.000049,0.001,0.9854,13.162,6.146,1747,86400,1,0.212,0
20.567,0.003044,0.000617,-0.000969,-0.005,0.9877,14.929,5.295,1747,86400,1,0.242,0
20.969,0.002687,-0.000113,-0.001157,0.003,0.9863,19.435,4.359,1747,86304,1,0.223,0
21.371,0.002825,-0.000914,-0.000795,0.017,0.9800,20.000,3.919,1747,86400,1,0.146,0
21.774,0.002825,-0.000914,-0.000795,0.017,0.9800,16.251,4.711,1747,86400,1,0.549,0
22.191,0.002139,-0.000802,0.000031,0.026,0.9887,16.179,3.751,1747,82656,1,0.350,0
22.620,0.002825,-0.000393,0.000196,0.022,0.9866,17.892,2.981,1747,86400,1,0.197,0
23.022,0.002827,-0.000013,-0.002098,0.005,0.9877,14.450,3.673,1747,82656,1,0.084,0
23.424,0.001418,0.000898,-0.000356,0.006,0.9820,14.434,5.333,1747,86400,1,0.083,0
23.826,0.003116,0.000732,-0.001046,0.006,0.9944,15.854,5.319,1747,86400,1,0.105,0
24.227,0.001844,0.000284,-0.000253,0.016,0.9865,19.092,7.432,1747,86304,1,0.189,0
24.640,0.002902,0.000241,-0.001086,-0.004,0.9908,15.846,7.356,1747,86400,1,0.307,0
25.042,0.002357,-0.001128,-0.001674,0.012,0.9854,13.524,5.969,1747,86400,1,0.400,0
25.451,0.002694,-0.000032,-0.000542,-0.010,0.9899,19.406,4.113,1747,86400,1,0.028,0
25.872,0.002520,-0.000070,-0.000915,0.006,0.9887,10.082,4.274,1747,86400,1,0.040,0
26.297,0.002825,-0.000305,-0.001067,-0.009,0.9788,17.648,4.382,1747,86400,1,0.138,0
26.698,0.002407,-0.000215,-0.001661,-0.008,0.9854,18.333,4.796,1747,86400,1,0.170,0
27.115,0.005184,0.001880,-0.003467,0.005,0.9325,19.431,5.945,1747,86400,1,0.178,0
27.524,0.005184,0.001880,-0.003467,0.005,0.9325,17.521,5.687,1747,86400,1,0.587,0
27.930,0.005178,0.002302,-0.002607,-0.000,0.9182,18.625,3.126,1747,86400,1,0.076,0
28.332,0.004211,0.000023,-0.002861,-0.003,0.9472,12.669,4.117,1747,86400,1,0.103,0
28.750,0.003550,-0.001377,-0.001233,0.004,0.9416,18.356,4.784,1747,86400,1,0.221,0
29.166,0.003550,-0.001377,-0.001233,0.004,0.9416,19.336,8.887,1747,86304,1,0.637,0
29.617,0.003328,-0.002053,-0.000428,0.037,0.9876,14.767,5.705,1747,86400,1,0.185,0
30.031,0.003419,0.000851,-0.000120,-0.012,0.9854,20.610,5.548,1747,82656,1,0.086,0
30.431,0.002511,0.000124,-0.001277,0.012,0.9864,20.723,4.732,1747,86400,1,0.000,0
30.833,0.002512,0.000184,0.000443,-0.002,0.9795,13.153,6.701,1747,86400,1,0.103,0
31.266,0.002280,0.000728,-0.002376,-0.005,0.9798,18.812,6.557,1747,86400,1,0.108,0
31.668,0.000975,-0.000677,-0.001100,0.018,0.9888,17.867,6.315,1747,86400,1,0.027,0
32.073,0.002254,0.000096,-0.000747,0.004,0.9832,16.570,7.089,1747,82656,1,0.137,0
32.502,0.001216,0.000384,-0.000666,-0.004,0.9753,17.213,6.271,1747,86400,1,0.056,0
32.920,0.002546,0.000277,-0.001102,-0.006,0.9812,20.091,6.704,1747,86400,1,0.075,0
33.321,0.003188,-0.000616,-0.001570,-0.012,0.9888,15.274,6.743,1747,86400,1,0.091,0
33.731,0.002933,-0.000773,-0.000651,0.011,0.9865,14.695,6.307,1747,86400,1,0.094,0
34.168,0.003199,-0.001417,-0.000476,0.026,0.9817,14.462,6.479,1747,86400,1,0.138,0
34.568,0.001635,-0.000535,-0.001195,-0.004,0.9887,13.676,6.843,1747,86400,1,0.022,0
34.971,0.002185,-0.001055,-0.000821,-0.001,0.9774,17.017,5.759,1747,86304,1,0.031,0
35.405,0.003174,-0.000092,-0.000666,0.010,0.9831,15.597,6.499,1747,86400,1,0.264,0
35.809,0.001803,-0.000414,-0.001003,0.018,0.9786,16.008,5.865,1747,82656,1,0.073,0
36.209,0.001803,-0.000414,-0.001003,0.018,0.9786,17.099,5.948,1747,86400,1,0.473,0
36.620,0.002680,-0.000327,-0.001753,0.001,0.9932,16.164,4.404,1747,86400,1,0.091,0
37.070,0.003030,-0.000078,-0.001065,0.002,0.9790,15.673,4.417,1747,86400,1,0.117,0
37.521,0.002306,-0.002090,-0.001417,0.026,0.9809,15.616,4.781,1747,86400,1,0.095,0
37.971,0.001909,-0.002801,-0.001318,0.043,0.9800,15.106,7.120,1747,86400,1,0.138,0
38.371,0.003170,-0.000811,-0.001981,-0.001,0.9897,16.644,6.641,1747,86400,1,0.136,0
38.825,0.002734,-0.002209,-0.002238,0.006,0.9819,13.096,6.306,1747,86304,1,0.089,0
39.225,0.003277,-0.001654,-0.000674,-0.000,0.9779,16.926,5.601,1747,82656,1,0.006,0
39.629,0.002797,-0.000818,-0.000202,-0.002,0.9909,16.352,6.360,1747,86400,1,0.010,0
40.035,0.003240,-0.002683,0.000117,0.042,0.9830,12.945,6.664,1747,86400,1,0.094,0
40.468,0.004037,-0.002002,-0.001066,0.021,0.9829,22.404,6.123,1747,86400,1,0.136,0
40.902,0.002810,-0.001882,-0.000913,0.013,0.9900,13.060,5.606,1747,86304,1,0.077,0
41.316,0.003354,-0.001526,0.000065,0.006,0.9846,18.114,5.289,1747,86400,1,0.093,0
41.723,0.003132,-0.000834,-0.000441,-0.006,0.9889,17.390,3.868,1747,86400,1,0.183,0
42.124,0.004353,0.000487,-0.001307,-0.006,0.9889,15.330,4.421,1747,86400,1,0.187,0
42.530,0.002992,-0.000793,-0.001187,0.015,0.9922,18.181,5.335,1747,86400,1,0.205,0
42.932,0.002331,-0.001166,-0.001512,0.021,0.9787,20.423,4.962,1747,86304,1,0.292,0
43.345,0.003262,-0.001517,-0.000547,0.032,0.9944,15.309,4.746,1747,86400,1,0.119,0
43.750,0.002505,0.000107,-0.001006,-0.003,0.9820,15.214,5.028,1747,86400,1,0.114,0
44.172,0.003617,-0.002016,-0.001251,0.006,0.9897,16.556,4.911,1747,82656,1,0.218,0
44.618,0.002460,-0.001351,-0.002146,0.017,0.9856,18.813,5.539,1747,86400,1,0.173,0
45.025,0.001857,-0.001116,-0.000643,0.004,0.9876,17.859,5.561,1747,86400,1,0.181,0
45.426,0.002200,-0.000419,-0.000135,0.011,0.9866,15.821,5.057,1747,86400,1,0.000,0
45.827,0.002706,-0.000268,-0.000984,0.000,0.9899,19.694,5.090,1747,86400,1,0.302,0
46.228,0.002649,-0.000223,-0.001095,-0.005,0.9864,16.863,5.019,1747,86400,1,0.002,0
46.631,0.003092,-0.000357,-0.000306,0.017,0.9831,16.178,5.350,1747,86400,1,0.105,0
47.053,0.002472,-0.000603,-0.001425,0.009,0.9910,16.149,5.282,1747,82656,1,0.222,0
47.456,0.003665,-0.001156,-0.001554,0.007,0.9665,15.425,4.047,1747,86304,1,0.201,0
47.873,0.002935,-0.002013,-0.001857,0.021,0.9799,15.507,4.064,1747,86400,1,0.132,0
48.290,0.003174,-0.001514,-0.001194,0.012,0.9763,19.282,3.916,1747,86304,1,0.058,0
48.698,0.002979,-0.000551,-0.000794,0.004,0.9760,12.084,3.892,1747,86400,1,0.069,0
49.099,0.003338,0.000778,-0.000255,-0.009,0.9841,17.386,5.038,1747,86400,1,0.256,0
49.501,0.003113,0.000361,-0.000192,0.005,0.9844,13.040,5.580,1747,86400,1,0.059,0
49.911,0.002811,-0.001010,-0.001475,-0.004,0.9843,15.067,5.642,1747,86400,1,0.084,0
50.324,0.003052,-0.000438,-0.001322,0.020,0.9875,17.388,5.532,1747,86400,1,0.074,0
50.729,0.003069,-0.000064,-0.000113,0.005,0.9832,16.873,5.778,1747,86400,1,0.095,0
51.141,0.002965,-0.000950,-0.001885,0.008,0.9865,15.735,7.205,1747,86400,1,0.104,0
51.568,0.003980,-0.001634,-0.001689,0.017,0.9877,15.277,6.381,1747,86400,1,0.042,0
51.972,0.002886,-0.000881,-0.001018,0.016,0.9864,18.661,6.330,1747,86304,1,0.234,0
52.372,0.003660,-0.000204,-0.001906,0.003,0.9854,16.618,6.423,1747,86400,1,0.043,0
52.777,0.003660,-0.000204,-0.001906,0.003,0.9854,18.717,5.427,1747,86400,1,0.448,0
53.218,0.003724,-0.001529,-0.001361,0.023,0.9844,20.201,3.891,1747,86400,1,0.149,0
53.624,0.003724,-0.001529,-0.001361,0.023,0.9844,13.680,3.756,1747,86400,1,0.555,0
54.027,0.003573,0.002070,-0.001124,0.010,0.9809,13.808,4.223,1747,86400,1,0.005,0
54.431,0.003573,0.002070,-0.001124,0.010,0.9809,13.896,4.683,1747,86400,1,0.408,0
54.840,0.003573,0.002070,-0.001124,0.010,0.9809,14.531,4.683,1747,86304,1,0.818,0
55.260,0.001286,0.000132,-0.001519,0.000,0.9819,20.071,3.743,1747,82656,1,0.021,0
55.673,0.001286,0.000132,-0.001519,0.000,0.9819,15.218,3.470,1747,86400,1,0.435,0
56.076,0.002766,0.001451,-0.001158,-0.013,0.9899,14.760,3.991,1747,82656,1,0.231,0
56.521,0.001832,0.000566,-0.001386,0.004,0.9866,15.886,3.140,1747,86400,1,0.085,0
56.971,0.002869,0.000480,-0.000082,-0.010,0.9853,13.891,3.760,1747,86400,1,0.340,0
57.400,0.002737,0.000077,-0.000487,0.009,0.9864,15.522,4.067,1747,86400,1,0.168,0
57.813,0.003091,-0.000963,-0.001995,0.015,0.9843,14.315,3.355,1747,86304,1,0.179,0
58.233,0.003706,-0.001430,-0.002021,0.016,0.9865,14.222,4.274,1747,86400,1,0.393,0
58.633,0.003281,-0.000841,-0.001555,0.013,0.9832,14.757,3.806,1747,86400,1,0.003,0
59.036,0.003157,-0.000668,-0.000202,0.022,0.9853,16.070,4.042,1747,82656,1,0.003,0
59.472,0.003600,-0.001039,-0.001108,0.001,0.9921,17.785,4.460,1747,86400,1,0.044,0
59.900,0.003208,-0.000167,-0.001038,0.003,0.9842,16.067,5.652,1747,86304,1,0.064,0
60.311,0.003042,-0.001888,-0.000911,0.014,0.9788,18.891,5.237,1747,86400,1,0.077,0
60.720,0.003028,-0.000581,-0.000760,-0.001,0.9853,19.038,5.287,1747,86400,1,0.094,0
61.123,0.003623,-0.001024,-0.001027,0.016,0.9933,16.850,5.255,1747,86400,1,0.283,0
61.529,0.003540,-0.001393,-0.001249,0.026,0.9855,15.749,5.022,1747,86400,1,0.406,0
61.935,0.003692,-0.001288,-0.000762,0.014,0.9899,16.510,3.990,1747,86304,1,0.404,0
62.374,0.003103,-0.002017,-0.001160,0.016,0.9854,17.803,3.153,1747,86400,1,0.045,0
62.801,0.003821,-0.001255,-0.000943,0.005,0.9878,15.075,3.886,1747,86400,1,0.160,0
63.202,0.002411,-0.000365,-0.000576,-0.000,0.9889,17.206,5.301,1747,86400,1,0.162,0
63.620,0.003165,-0.001013,-0.001813,-0.001,0.9910,17.266,6.409,1747,86400,1,0.083,0
64.020,0.003097,-0.002107,-0.002028,0.013,0.9854,16.442,6.078,1747,82656,1,0.078,0
64.420,0.003097,-0.002107,-0.002028,0.013,0.9854,17.211,5.932,1747,86400,1,0.478,0
64.825,0.002573,-0.001107,-0.000764,0.017,0.9865,15.887,4.494,1747,86400,1,0.192,0
65.229,0.002747,-0.000760,0.000463,-0.001,0.9864,17.118,4.144,1747,86400,1,0.304,0
65.630,0.002815,-0.001250,-0.000625,0.005,0.9888,18.124,4.198,1747,86400,1,0.107,0
66.070,0.003835,-0.001067,-0.001496,0.005,0.9831,15.523,5.740,1747,86304,1,0.141,0
66.474,0.003590,-0.001251,-0.001217,0.015,0.9863,16.889,5.794,1747,86400,1,0.041,0
66.877,0.002163,-0.001004,-0.000688,0.009,0.9886,20.345,5.692,1747,86400,1,0.019,0
67.278,0.001845,-0.001104,-0.001586,0.017,0.9899,16.077,6.689,1747,86400,1,0.110,0
67.699,0.003562,-0.001683,-0.001461,0.014,0.9921,15.570,6.741,1747,86400,1,0.168,0
68.121,0.002928,-0.000640,-0.000019,0.013,0.9864,17.606,6.857,1747,86304,1,0.094,0
68.522,0.002740,-0.001081,-0.002409,0.013,0.9877,16.301,7.280,1747,86400,1,0.098,0
68.922,0.003794,-0.001820,-0.002274,0.017,0.9855,10.901,6.353,1747,82656,1,0.066,0
69.330,0.004478,-0.001604,-0.000328,0.003,0.9864,16.698,5.850,1747,86400,1,0.090,0
69.768,0.003376,-0.001474,-0.000935,0.017,0.9771,19.682,4.700,1747,86400,1,0.134,0
70.200,0.002643,-0.001241,-0.000535,0.018,0.9876,13.704,4.180,1747,86400,1,0.054,0
70.624,0.003015,-0.000849,-0.001021,0.002,0.9932,14.448,3.331,1747,86400,1,0.268,0
71.026,0.003453,-0.001493,-0.000619,0.007,0.9844,14.230,4.424,1747,82656,1,0.204,0
71.471,0.002862,-0.000211,-0.001680,0.010,0.9834,22.635,4.983,1747,86400,1,0.232,0
71.873,0.002964,-0.000959,-0.000988,0.013,0.9944,18.489,5.309,1747,86400,1,0.135,0
72.273,0.003628,-0.001783,-0.000950,0.021,0.9877,19.777,5.029,1747,82656,1,0.127,0
72.695,0.004070,-0.002513,-0.000131,0.036,0.9852,17.233,5.295,1747,86400,1,0.264,0
73.104,0.003252,-0.002314,-0.000093,0.025,0.9887,13.020,4.975,1747,86400,1,0.340,0
73.536,0.003174,-0.002196,-0.001503,0.017,0.9899,16.790,3.885,1747,82656,1,0.103,0
73.952,0.003182,-0.001692,0.000025,0.005,0.9875,9.006,3.628,1747,86304,1,0.334,0
74.368,0.003345,-0.001924,-0.000629,0.026,0.9909,15.559,2.464,1747,82656,1,0.313,0
74.773,0.002445,-0.002362,-0.001072,0.030,0.9844,15.560,3.832,1747,86400,1,0.035,0
75.174,0.001509,-0.002365,-0.000744,0.034,0.9910,21.128,4.704,1747,86304,1,0.041,0
75.575,0.002113,0.000211,-0.000433,-0.010,0.9933,17.215,4.666,1747,86400,1,0.028,0
76.023,0.002084,-0.000306,-0.000176,0.009,0.9886,21.954,6.359,1747,86304,1,0.081,0
76.428,0.003135,-0.001163,-0.000521,0.013,0.9932,17.745,7.394,1747,86400,1,0.181,0
76.877,0.001749,-0.000075,-0.002141,-0.007,0.9809,16.912,6.091,1747,86400,1,0.116,0
77.277,0.002673,0.000311,-0.000576,0.007,0.9853,15.561,6.073,1747,86400,1,0.247,0
77.701,0.003284,-0.001353,-0.001415,0.005,0.9853,13.699,5.530,1747,86400,1,0.161,0
78.120,0.003657,-0.001626,0.000233,0.035,0.9842,15.573,5.290,1747,86304,1,0.093,0
78.524,0.003261,-0.001258,-0.001631,0.019,0.9854,18.112,6.542,1747,86400,1,0.082,0
78.931,0.002350,-0.000706,-0.001486,0.012,0.9887,14.218,6.074,1747,86304,1,0.091,0
79.331,0.002963,-0.001694,-0.002113,0.028,0.9888,17.773,5.870,1747,86400,1,0.193,0
79.732,0.003065,-0.000491,-0.002046,-0.001,0.9866,17.909,6.770,1747,86400,1,0.104,0
80.132,0.002115,0.000744,-0.000308,-0.002,0.9832,13.530,6.177,1747,86400,1,0.085,0
80.542,0.002555,-0.001017,-0.000840,0.015,0.9798,19.401,6.254,1747,86400,1,0.103,0
80.971,0.002937,-0.000806,-0.001573,0.005,0.9832,17.840,6.678,1747,86304,1,0.036,0
81.372,0.002938,-0.001456,-0.000636,0.019,0.9884,13.498,6.821,1747,86400,1,0.045,0
81.774,0.002617,-0.001191,-0.001644,0.009,0.9033,17.650,5.937,1747,86400,1,0.091,0
82.202,0.003077,0.000175,-0.001077,0.008,0.9920,11.024,5.297,1747,86400,1,0.063,0
82.611,0.002540,-0.000881,-0.001595,-0.001,0.9890,18.043,5.015,1747,86400,1,0.181,0
83.012,0.003091,-0.000524,-0.001601,0.017,0.9836,15.815,5.199,1747,82656,1,0.051,0
83.420,0.002523,-0.001049,-0.000554,0.018,0.9844,19.681,6.026,1747,86400,1,0.077,0
83.820,0.003156,-0.000989,-0.001741,0.015,0.9876,19.162,6.356,1747,86400,1,0.092,0
84.221,0.003452,-0.000337,-0.001254,0.016,0.9887,17.449,6.425,1747,86400,1,0.273,0
84.624,0.002885,-0.000734,-0.000744,0.006,0.9921,13.135,5.513,1747,86400,1,0.082,0
85.027,0.010400,0.001059,-0.000221,0.024,0.9808,12.651,4.620,1747,86400,1,0.044,0
85.431,0.015784,-0.000710,-0.003651,0.031,0.9164,18.255,4.338,1747,86400,1,0.382,0
85.871,0.092389,0.000957,0.000397,0.053,0.6126,16.019,2.765,1747,86400,1,0.115,0
86.273,0.141201,0.002559,0.004413,-0.073,0.6299,13.172,3.682,1747,86400,1,0.103,0
86.678,0.141201,0.002559,0.004413,-0.073,0.6299,18.900,4.127,1747,86400,1,0.507,0
87.079,0.219629,0.004141,-0.000270,0.036,0.6877,12.582,2.389,1747,82560,1,0.067,0
87.493,0.259015,0.005724,-0.003784,0.013,0.9687,15.861,2.514,1747,86400,1,0.145,0
87.924,0.297238,0.009174,-0.003091,0.021,0.7247,18.087,3.253,1747,86400,1,0.035,0
88.324,0.297238,0.009174,-0.003091,0.021,0.7247,13.593,4.566,1747,86400,1,0.436,0
88.725,0.373444,0.011705,0.000052,-0.019,0.7955,16.338,3.073,1747,86400,1,0.086,0
89.127,0.429187,0.019259,-0.000967,-0.119,0.9251,13.268,4.052,2378,86400,1,0.051,0
89.571,0.464055,0.023733,-0.001104,-0.028,0.7774,14.796,4.845,2378,86400,1,0.191,0
89.973,0.500126,0.021632,-0.005061,-0.089,0.8365,17.752,6.563,2378,86304,1,0.267,0
90.376,0.569825,0.018319,-0.005832,2.078,0.7874,20.687,5.935,2378,82656,1,0.052,0
90.793,0.584540,0.014981,-0.004490,2.125,0.9796,14.595,6.158,2378,86400,1,0.403,0
91.193,0.650517,0.025376,-0.004269,9.302,0.6757,15.299,4.290,2378,86400,1,0.129,0
91.610,0.691822,0.032386,0.000490,9.166,0.7123,16.536,3.379,2378,86400,1,0.129,0
92.026,0.691822,0.032386,0.000490,9.166,0.7123,13.609,3.498,2711,86400,1,0.544,0
92.445,0.747003,0.040358,-0.001049,9.499,0.7882,12.386,1.789,2711,86400,1,0.264,0
92.852,0.803645,0.045942,0.000436,9.577,0.9971,12.517,2.531,2711,86400,1,0.208,0
93.253,0.861635,0.043458,0.000194,9.914,0.9777,13.320,3.398,2711,86400,1,0.006,0
93.655,0.880693,0.043247,0.001829,10.083,0.6239,14.239,5.491,2711,86400,1,0.199,0
94.076,0.940777,0.058207,0.002904,9.602,0.9860,18.843,5.366,2926,82656,1,0.031,0
94.490,0.968606,0.065202,0.004424,9.673,0.7308,18.352,5.800,2926,86400,1,0.122,0
94.895,1.019471,0.075022,0.005196,9.632,0.7391,16.058,5.452,2926,86400,1,0.031,0
95.297,1.019471,0.075022,0.005196,9.632,0.7391,17.041,5.217,2926,86400,1,0.433,0
95.704,1.019471,0.075022,0.005196,9.632,0.7391,20.251,4.451,2926,86400,1,0.840,0
96.122,1.132279,0.097328,0.003592,9.838,0.9612,13.345,4.508,2926,82656,1,0.083,0
96.523,1.177552,0.105752,0.006743,9.797,0.6426,11.972,4.106,2926,86400,1,0.069,0
96.925,1.218439,0.117149,0.006664,9.698,0.9671,13.141,6.809,2926,86304,1,0.044,0
97.332,1.236785,0.120314,0.004994,9.466,0.9883,16.366,6.899,3102,86400,1,0.176,0
97.752,1.274848,0.127392,0.007499,9.655,0.6092,16.068,5.916,3102,86400,1,0.197,0
98.171,1.331342,0.138387,0.003077,14.745,0.9245,16.334,5.509,3102,86400,1,0.083,0
98.575,1.363032,0.142117,0.001299,15.421,0.7260,14.345,5.656,3102,86400,1,0.031,0
98.977,1.370712,0.140817,0.002678,18.029,0.8380,13.067,5.397,3102,86400,1,0.086,0
99.390,1.365744,0.136932,0.000440,18.293,0.8486,13.264,5.562,3251,86400,1,0.397,0
99.797,1.398682,0.144069,0.003719,18.760,0.8296,13.142,5.572,3251,86400,1,0.345,0
100.206,1.461237,0.158326,-0.000686,15.952,0.9982,13.131,3.915,3251,86400,1,0.071,0
100.631,1.480010,0.161927,0.006663,15.780,1.0000,13.121,3.563,3251,86400,1,0.188,0
101.032,1.525251,0.179580,0.010136,12.363,0.7812,16.554,3.324,3251,82656,1,0.075,0
101.449,1.571967,0.203142,0.010748,12.016,0.8489,14.722,3.640,3251,86400,1,0.074,0
101.885,1.595460,0.220813,0.009359,11.951,0.8268,19.307,5.619,3251,86400,1,0.327,0
102.291,1.662398,0.253535,0.005950,8.976,0.8417,21.520,5.132,3251,86400,1,0.094,0
102.717,1.662398,0.253535,0.005950,8.976,0.8417,17.088,5.643,3251,86400,1,0.520,0
103.119,1.737118,0.275080,0.016749,7.925,0.8813,17.211,4.240,3335,86400,1,0.213,0
103.531,1.799306,0.292629,0.010305,7.548,0.8058,18.612,2.558,3335,86400,1,0.018,0
103.944,1.818048,0.301884,0.007882,6.840,0.8078,13.362,2.394,3335,86304,1,0.265,0
104.373,1.867610,0.324894,0.012113,6.917,0.9081,13.731,3.442,3335,86400,1,0.306,0
104.776,1.932213,0.336539,0.009874,6.742,0.8832,14.311,2.971,3335,86400,1,0.187,0
105.211,1.974526,0.349602,0.010373,6.450,0.8528,14.617,3.395,3392,86400,1,0.225,0
105.619,2.023437,0.366584,0.002926,5.989,0.8509,15.406,3.661,3392,86400,1,0.027,0
106.042,2.101430,0.382589,0.014183,6.714,0.8831,14.787,4.455,3392,82656,1,0.179,0
106.451,2.159056,0.394757,0.011308,6.879,0.8607,14.525,5.386,3392,86400,1,0.192,0
106.874,2.216085,0.405171,0.009343,6.672,0.7976,13.971,4.844,3392,86400,1,0.030,0
107.305,2.247363,0.414455,0.006649,6.660,0.8686,13.529,6.010,3432,86400,1,0.130,0
107.725,2.272515,0.421960,0.007160,6.518,0.8792,14.112,4.936,3432,86400,1,0.170,0
108.128,2.318212,0.432438,0.010007,6.038,0.8387,14.657,3.835,3432,86400,1,0.044,0
108.533,2.318212,0.432438,0.010007,6.038,0.8387,14.839,4.835,3432,86400,1,0.448,0
108.940,2.318212,0.432438,0.010007,6.038,0.8387,16.714,4.469,3432,86304,1,0.855,0
109.353,2.366264,0.442833,0.010050,-1.158,0.7710,15.121,2.292,3432,86400,1,0.053,0
109.766,2.366264,0.442833,0.010050,-1.158,0.7710,14.392,2.468,3432,86400,1,0.465,0
110.174,2.399055,0.460996,0.019205,-12.319,0.9168,14.092,3.346,3457,86400,1,0.015,0
110.578,2.413947,0.468776,0.010049,-18.747,0.8285,13.100,3.184,3457,86400,1,0.045,0
110.997,2.404139,0.492385,-0.000799,-23.801,0.6605,12.542,3.625,3457,82656,1,0.050,0
111.417,2.394695,0.496070,-0.004022,-26.182,0.6557,13.833,4.681,3457,86400,1,0.367,0
111.819,2.394695,0.496070,-0.004022,-26.182,0.6557,14.556,5.608,3457,86400,1,0.769,0
112.224,2.394695,0.496070,-0.004022,-26.182,0.6557,14.117,7.743,3516,86400,1,1.174,0
112.624,2.394695,0.496070,-0.004022,-26.182,0.6557,15.369,7.401,3516,86400,1,1.574,0
113.032,2.394695,0.496070,-0.004022,-26.182,0.6557,14.342,0.000,3516,82560,1,1.982,0
113.439,2.394695,0.496070,-0.004022,-26.182,0.6557,14.559,0.000,3516,86400,1,2.389,0
113.872,2.394695,0.496070,-0.004022,-26.182,0.6557,14.648,0.000,3516,86400,1,2.822,0
114.272,2.394695,0.496070,-0.004022,-26.182,0.6557,15.378,0.000,3516,86400,1,3.223,0
114.697,2.394695,0.496070,-0.004022,-26.182,0.6557,14.289,0.000,3516,86400,1,3.647,0
115.110,2.394695,0.496070,-0.004022,-26.182,0.6557,14.588,0.000,3516,86400,1,4.060,0
115.529,2.394695,0.496070,-0.004022,-26.182,0.6557,14.658,0.000,3516,86400,1,4.479,0
115.937,2.394695,0.496070,-0.004022,-26.182,0.6557,14.143,0.000,3516,86304,1,4.887,0
116.376,2.394695,0.496070,-0.004022,-26.182,0.6557,14.210,0.000,3516,86400,1,5.326,0
116.777,2.394695,0.496070,-0.004022,-26.182,0.6557,15.744,0.000,3516,86400,1,5.727,0
117.201,2.394695,0.496070,-0.004022,-26.182,0.6557,16.289,0.000,3516,86400,1,6.151,0
117.607,2.394695,0.496070,-0.004022,-26.182,0.6557,16.519,0.000,3516,86400,1,6.557,0
118.018,2.394695,0.496070,-0.004022,-26.182,0.6557,17.420,0.000,3516,82560,1,6.968,0
118.434,2.394695,0.496070,-0.004022,-26.182,0.6557,16.568,0.000,3516,86400,1,7.385,0
118.850,2.394695,0.496070,-0.004022,-26.182,0.6557,15.763,0.000,3516,86400,1,7.800,0
119.270,2.394695,0.496070,-0.004022,-26.182,0.6557,15.715,0.000,3516,86400,1,8.220,0
119.671,2.394695,0.496070,-0.004022,-26.182,0.6557,15.969,0.000,3516,86400,1,8.621,0
120.080,2.394695,0.496070,-0.004022,-26.182,0.6557,15.756,0.000,3516,82656,1,9.030,0
120.492,2.394695,0.496070,-0.004022,-26.182,0.6557,15.134,0.000,3516,86400,1,9.442,0
120.911,2.394695,0.496070,-0.004022,-26.182,0.6557,15.059,0.000,3516,86400,1,9.861,0
121.324,2.394695,0.496070,-0.004022,-26.182,0.6557,14.763,0.000,3516,86400,1,10.274,0
121.730,2.394695,0.496070,-0.004022,-26.182,0.6557,14.681,0.000,3516,86400,1,10.680,0
122.150,2.394695,0.496070,-0.004022,-26.182,0.6557,15.831,0.000,3516,86400,1,11.100,0
122.573,2.394695,0.496070,-0.004022,-26.182,0.6557,16.250,0.000,3516,86400,1,11.523,0
122.979,2.394695,0.496070,-0.004022,-26.182,0.6557,15.718,0.000,3516,86304,1,11.929,0
123.391,2.394695,0.496070,-0.004022,-26.182,0.6557,16.188,0.000,3516,86400,1,12.341,0
123.827,2.394695,0.496070,-0.004022,-26.182,0.6557,14.552,0.000,3516,86400,1,12.777,0
124.229,2.394695,0.496070,-0.004022,-26.182,0.6557,14.768,0.000,3516,86400,1,13.179,0
124.631,2.394695,0.496070,-0.004022,-26.182,0.6557,15.329,0.000,3516,86400,1,13.581,0
125.040,2.394695,0.496070,-0.004022,-26.182,0.6557,14.167,0.000,3516,82656,1,13.990,0
125.472,2.394695,0.496070,-0.004022,-26.182,0.6557,14.011,0.000,3516,86400,1,14.422,0
125.880,2.394695,0.496070,-0.004022,-26.182,0.6557,15.255,0.000,3516,86400,1,14.830,0
126.290,2.394695,0.496070,-0.004022,-26.182,0.6557,15.615,0.000,3516,86400,1,15.240,0
126.706,2.394695,0.496070,-0.004022,-26.182,0.6557,16.063,0.000,3516,86400,1,15.656,0
127.118,2.394695,0.496070,-0.004022,-26.182,0.6557,17.052,0.000,3516,82656,1,16.068,0
127.526,2.394695,0.496070,-0.004022,-26.182,0.6557,16.275,0.000,3516,86400,1,16.476,0
127.945,2.394695,0.496070,-0.004022,-26.182,0.6557,15.680,0.000,3516,86304,1,16.895,0
128.350,2.394695,0.496070,-0.004022,-26.182,0.6557,15.027,0.000,3516,86400,1,17.300,0
128.774,2.394695,0.496070,-0.004022,-26.182,0.6557,14.016,0.000,3516,86400,1,17.724,0
129.174,2.394695,0.496070,-0.004022,-26.182,0.6557,15.071,0.000,3516,86400,1,18.124,0
129.602,2.394695,0.496070,-0.004022,-26.182,0.6557,16.581,0.000,3516,86400,1,18.552,0
130.030,2.394695,0.496070,-0.004022,-26.182,0.6557,17.379,0.000,3516,82656,1,18.980,0
130.432,2.394695,0.496070,-0.004022,-26.182,0.6557,16.810,0.000,3516,86400,1,19.382,0
130.840,2.394695,0.496070,-0.004022,-26.182,0.6557,17.300,0.000,3516,86400,1,19.790,0
131.251,2.394695,0.496070,-0.004022,-26.182,0.6557,16.467,0.000,3516,86400,1,20.201,0
131.655,2.394695,0.496070,-0.004022,-26.182,0.6557,15.168,0.000,3516,86400,1,20.605,0
132.078,2.394695,0.496070,-0.004022,-26.182,0.6557,16.251,0.000,3516,82656,1,21.028,0
132.490,2.394695,0.496070,-0.004022,-26.182,0.6557,15.263,0.000,3516,86400,1,21.440,0
132.891,2.394695,0.496070,-0.004022,-26.182,0.6557,15.383,0.000,3516,86400,1,21.841,0
133.292,2.394695,0.496070,-0.004022,-26.182,0.6557,15.232,0.000,3516,86400,1,22.242,0
133.724,2.394695,0.496070,-0.004022,-26.182,0.6557,15.262,0.000,3516,86400,1,22.674,0
134.126,2.394695,0.496070,-0.004022,-26.182,0.6557,15.396,0.000,3516,86400,1,23.076,0
134.537,2.394695,0.496070,-0.004022,-26.182,0.6557,16.044,0.000,3516,86400,1,23.487,0
134.973,2.394695,0.496070,-0.004022,-26.182,0.6557,16.254,0.000,3516,86304,1,23.923,0
135.379,2.394695,0.496070,-0.004022,-26.182,0.6557,16.187,0.000,3516,86400,1,24.329,0
135.781,2.394695,0.496070,-0.004022,-26.182,0.6557,14.692,0.000,3516,86400,1,24.731,0
136.202,2.394695,0.496070,-0.004022,-26.182,0.6557,14.056,0.000,3516,86400,1,25.153,0
136.617,2.394695,0.496070,-0.004022,-26.182,0.6557,15.192,0.000,3516,86400,1,25.567,0
137.031,2.394695,0.496070,-0.004022,-26.182,0.6557,15.864,0.000,3516,82656,1,25.981,0
137.477,2.394695,0.496070,-0.004022,-26.182,0.6557,15.801,0.000,3516,86400,1,26.428,0
137.880,2.394695,0.496070,-0.004022,-26.182,0.6557,16.636,0.000,3516,86400,1,26.830,0
138.280,2.394695,0.496070,-0.004022,-26.182,0.6557,16.784,0.000,3516,86400,1,27.230,0
138.691,2.394695,0.496070,-0.004022,-26.182,0.6557,16.315,0.000,3516,86400,1,27.641,0
139.092,2.394695,0.496070,-0.004022,-26.182,0.6557,15.285,0.000,3516,82656,1,28.042,0
139.514,2.394695,0.496070,-0.004022,-26.182,0.6557,15.043,0.000,3516,86400,1,28.464,0
139.916,2.394695,0.496070,-0.004022,-26.182,0.6557,15.122,0.000,3516,86304,1,28.866,0
140.319,2.394695,0.496070,-0.004022,-26.182,0.6557,16.351,0.000,3516,86400,1,29.269,0
140.732,2.394695,0.496070,-0.004022,-26.182,0.6557,16.259,0.000,3516,86400,1,29.682,0
141.175,2.394695,0.496070,-0.004022,-26.182,0.6557,16.732,0.000,3516,86400,1,30.125,0
141.591,2.394695,0.496070,-0.004022,-26.182,0.6557,16.777,0.000,3516,86400,1,30.541,0
141.992,2.394695,0.496070,-0.004022,-26.182,0.6557,16.757,0.000,3516,86304,1,30.942,0
142.396,2.394695,0.496070,-0.004022,-26.182,0.6557,16.709,0.000,3516,86400,1,31.346,0
142.809,2.394695,0.496070,-0.004022,-26.182,0.6557,16.816,0.000,3516,86400,1,31.759,0
143.216,2.394695,0.496070,-0.004022,-26.182,0.6557,17.037,0.000,3516,86400,1,32.166,0
143.631,2.394695,0.496070,-0.004022,-26.182,0.6557,18.854,0.000,3516,86400,1,32.581,0
144.032,2.394695,0.496070,-0.004022,-26.182,0.6557,17.455,0.000,3516,82656,1,32.982,0
144.450,2.394695,0.496070,-0.004022,-26.182,0.6557,16.343,0.000,3516,86400,1,33.400,0
144.852,2.394695,0.496070,-0.004022,-26.182,0.6557,15.740,0.000,3516,86400,1,33.802,0
145.265,2.394695,0.496070,-0.004022,-26.182,0.6557,14.194,0.000,3516,86400,1,34.215,0
145.672,2.394695,0.496070,-0.004022,-26.182,0.6557,13.664,0.000,3516,86400,1,34.622,0
146.078,2.394695,0.496070,-0.004022,-26.182,0.6557,13.706,0.000,3516,82656,1,35.028,0
146.490,2.394695,0.496070,-0.004022,-26.182,0.6557,15.708,0.000,3516,86400,1,35.440,0
146.897,2.394695,0.496070,-0.004022,-26.182,0.6557,15.167,0.000,3516,86400,1,35.847,0
147.320,2.394695,0.496070,-0.004022,-26.182,0.6557,15.761,0.000,3516,86400,1,36.270,0
147.731,2.394695,0.496070,-0.004022,-26.182,0.6557,15.811,0.000,3516,86400,1,36.681,0
148.136,2.394695,0.496070,-0.004022,-26.182,0.6557,15.851,0.000,3516,86400,1,37.086,0
148.537,2.394695,0.496070,-0.004022,-26.182,0.6557,14.275,0.000,3516,86400,1,37.487,0
148.978,2.394695,0.496070,-0.004022,-26.182,0.6557,14.171,0.000,3516,86304,1,37.928,0
149.455,2.394695,0.496070,-0.004022,-26.182,0.6557,13.845,0.000,3516,86400,1,38.405,0
149.872,2.394695,0.496070,-0.004022,-26.182,0.6557,14.112,0.000,3516,86400,1,38.822,0
150.273,2.394695,0.496070,-0.004022,-26.182,0.6557,14.225,0.000,3516,86400,1,39.223,0
150.678,2.394695,0.496070,-0.004022,-26.182,0.6557,14.843,0.000,3516,86400,1,39.628,0
151.090,2.394695,0.496070,-0.004022,-26.182,0.6557,15.488,0.000,3516,82656,1,40.040,0
151.508,2.394695,0.496070,-0.004022,-26.182,0.6557,15.642,0.000,3516,86400,1,40.458,0
151.916,2.394695,0.496070,-0.004022,-26.182,0.6557,16.077,0.000,3516,86304,1,40.866,0
152.331,2.394695,0.496070,-0.004022,-26.182,0.6557,16.707,0.000,3516,86400,1,41.281,0
152.733,2.394695,0.496070,-0.004022,-26.182,0.6557,15.712,0.000,3516,86400,1,41.684,0
153.152,2.394695,0.496070,-0.004022,-26.182,0.6557,15.306,0.000,3516,86400,1,42.102,0
153.554,2.394695,0.496070,-0.004022,-26.182,0.6557,13.796,0.000,3516,86400,1,42.504,0
153.981,2.394695,0.496070,-0.004022,-26.182,0.6557,12.958,0.000,3516,86304,1,42.931,0
154.390,2.394695,0.496070,-0.004022,-26.182,0.6557,12.657,0.000,3516,86400,1,43.340,0
154.790,2.394695,0.496070,-0.004022,-26.182,0.6557,13.617,0.000,3516,86400,1,43.741,0
155.200,2.394695,0.496070,-0.004022,-26.182,0.6557,13.572,0.000,3516,86400,1,44.150,0
155.602,2.394695,0.496070,-0.004022,-26.182,0.6557,15.267,0.000,3516,86400,1,44.552,0
156.011,2.394695,0.496070,-0.004022,-26.182,0.6557,16.655,0.000,3516,82656,1,44.961,0
156.414,2.394695,0.496070,-0.004022,-26.182,0.6557,17.476,0.000,3516,86400,1,45.364,0
156.828,2.394695,0.496070,-0.004022,-26.182,0.6557,17.557,0.000,3516,86400,1,45.778,0
157.230,2.394695,0.496070,-0.004022,-26.182,0.6557,18.900,0.000,3516,86400,1,46.180,0
157.630,2.394695,0.496070,-0.004022,-26.182,0.6557,18.820,0.000,3516,86400,1,46.580,0
158.035,2.394695,0.496070,-0.004022,-26.182,0.6557,17.943,0.000,3516,82656,1,46.985,0
158.450,2.394695,0.496070,-0.004022,-26.182,0.6557,18.359,0.000,3516,86400,1,47.400,0
158.850,2.394695,0.496070,-0.004022,-26.182,0.6557,17.848,0.000,3516,86400,1,47.800,0
159.270,2.394695,0.496070,-0.004022,-26.182,0.6557,16.916,0.000,3516,86400,1,48.220,0
159.670,2.394695,0.496070,-0.004022,-26.182,0.6557,16.314,0.000,3516,86400,1,48.620,0
160.072,2.394695,0.496070,-0.004022,-26.182,0.6557,17.443,0.000,3516,82656,1,49.022,0
160.478,2.394695,0.496070,-0.004022,-26.182,0.6557,17.302,0.000,3516,86400,1,49.428,0
160.882,2.394695,0.496070,-0.004022,-26.182,0.6557,16.343,0.000,3516,86400,1,49.832,0
161.290,2.394695,0.496070,-0.004022,-26.182,0.6557,16.808,0.000,3516,86400,1,50.240,0
161.696,2.394695,0.496070,-0.004022,-26.182,0.6557,16.965,0.000,3516,86400,1,50.646,0
162.112,2.394695,0.496070,-0.004022,-26.182,0.6557,16.869,0.000,3516,82656,1,51.062,0
162.516,2.394695,0.496070,-0.004022,-26.182,0.6557,16.380,0.000,3516,86400,1,51.466,0
162.929,2.394695,0.496070,-0.004022,-26.182,0.6557,17.496,0.000,3516,86304,1,51.879,0
163.331,2.394695,0.496070,-0.004022,-26.182,0.6557,17.271,0.000,3516,86400,1,52.281,0
163.752,2.394695,0.496070,-0.004022,-26.182,0.6557,16.783,0.000,3516,86400,1,52.702,0
164.170,2.394695,0.496070,-0.004022,-26.182,0.6557,16.323,0.000,3516,86400,1,53.120,0
164.572,2.394695,0.496070,-0.004022,-26.182,0.6557,16.074,0.000,3516,86400,1,53.522,0
164.976,2.394695,0.496070,-0.004022,-26.182,0.6557,16.223,0.000,3516,86304,1,53.926,0
165.380,2.394695,0.496070,-0.004022,-26.182,0.6557,15.203,0.000,3516,86400,1,54.330,0
165.790,2.394695,0.496070,-0.004022,-26.182,0.6557,15.230,0.000,3516,86400,1,54.741,0
166.191,2.394695,0.496070,-0.004022,-26.182,0.6557,16.215,0.000,3516,86400,1,55.141,0
166.612,2.394695,0.496070,-0.004022,-26.182,0.6557,15.814,0.000,3516,86400,1,55.562,0
167.031,2.394695,0.496070,-0.004022,-26.182,0.6557,14.740,0.000,3516,82656,1,55.981,0
167.447,2.394695,0.496070,-0.004022,-26.182,0.6557,15.017,0.000,3516,86400,1,56.397,0
167.890,2.394695,0.496070,-0.004022,-26.182,0.6557,13.514,0.000,3516,86400,1,56.840,0
168.290,2.394695,0.496070,-0.004022,-26.182,0.6557,13.637,0.000,3516,86400,1,57.240,0
168.691,2.394695,0.496070,-0.004022,-26.182,0.6557,14.888,0.000,3516,86400,1,57.641,0
169.097,2.394695,0.496070,-0.004022,-26.182,0.6557,15.865,0.000,3516,82656,1,58.047,0
169.504,2.394695,0.496070,-0.004022,-26.182,0.6557,16.132,0.000,3516,86400,1,58.454,0
169.907,2.394695,0.496070,-0.004022,-26.182,0.6557,15.521,0.000,3516,86304,1,58.857,0
170.310,2.394695,0.496070,-0.004022,-26.182,0.6557,15.306,0.000,3516,86400,1,59.260,0
170.715,2.394695,0.496070,-0.004022,-26.182,0.6557,14.648,0.000,3516,86400,1,59.665,0
171.119,2.394695,0.496070,-0.004022,-26.182,0.6557,14.690,0.000,3516,86400,1,60.069,0
171.525,2.394695,0.496070,-0.004022,-26.182,0.6557,15.303,0.000,3516,86400,1,60.475,0
171.932,2.394695,0.496070,-0.004022,-26.182,0.6557,14.991,0.000,3516,86400,1,60.882,0
172.336,2.394695,0.496070,-0.004022,-26.182,0.6557,15.167,0.000,3516,86400,1,61.286,0
172.754,2.394695,0.496070,-0.004022,-26.182,0.6557,16.214,0.000,3516,86400,1,61.704,0
173.172,2.394695,0.496070,-0.004022,-26.182,0.6557,15.713,0.000,3516,86400,1,62.122,0
173.577,2.394695,0.496070,-0.004022,-26.182,0.6557,15.195,0.000,3516,86400,1,62.527,0
